ACT2,Account2,testaccountscreen,Asset,Credit,N,N,,217
ACT3,Account3,testaccountscreen,Asset,Credit,N,N,,221
ACT4,Account4,testaccountscreen,Asset,Credit,N,N,,222
ACT5,Account5,testaccountscreen,Asset,Credit,N,N,,221
ACT6,Account6,testaccountscreen,Asset,Credit,N,N,,222
ACT7,Account7,testaccountscreen,Asset,Credit,N,N,,3
ACT8,Account8,testaccountscreen,Asset,Credit,N,N,,1
ACT9,Account9,testaccountscreen,Asset,Credit,N,N,,7
ACT10,Account10,testaccountscreen,Asset,Credit,N,N,,2
ACT11,Account11,testaccountscreen,Asset,Credit,N,N,,4
ACT12,Account12,testaccountscreen,Asset,Credit,N,N,,8
ACT13,Account13,testaccountscreen,Asset,Credit,N,N,,159
ACT14,Account14,testaccountscreen,Asset,Credit,N,N,,33140
ACT15,Account15,testaccountscreen,Asset,Credit,N,N,,15900
ACT16,Account16,testaccountscreen,Asset,Credit,N,N,,112
ACT17,Account17,testaccountscreen,Asset,Credit,N,N,,331
ACT18,Account18,testaccountscreen,Asset,Credit,N,N,,344
ACT19,Account19,testaccountscreen,Asset,Credit,N,N,,2
ACT20,Account20,testaccountscreen,Asset,Credit,N,N,,3
ACT21,Account21,testaccountscreen,Asset,Credit,N,N,,4
ACT22,Account22,testaccountscreen,Asset,Credit,N,N,,7
ACT23,Account23,testaccountscreen,Asset,Credit,N,N,,8
ACT24,Account24,testaccountscreen,Asset,Credit,N,N,,315
ACT25,Account25,testaccountscreen,Asset,Credit,N,N,,415
ACT26,Account26,testaccountscreen,Asset,Credit,N,N,,418
ACT27,Account27,testaccountscreen,Asset,Credit,N,N,,42130
ACT28,Account28,testaccountscreen,Asset,Credit,N,N,,344
ACT29,Account29,testaccountscreen,Asset,Credit,N,N,,33330
ACT30,Account30,testaccountscreen,Asset,Credit,N,N,,33340
ACT31,Account31,testaccountscreen,Asset,Credit,N,N,,13310
ACT32,Account32,testaccountscreen,Asset,Credit,N,N,,13330
ACT33,Account33,testaccountscreen,Asset,Credit,N,N,,11210
ACT34,Account34,testaccountscreen,Asset,Credit,N,N,,11220
ACT35,Account35,testaccountscreen,Asset,Credit,N,N,,128
ACT36,Account36,testaccountscreen,Asset,Credit,N,N,,129
ACT37,Account37,testaccountscreen,Asset,Credit,N,N,,131
ACT38,Account38,testaccountscreen,Asset,Credit,N,N,,333
ACT39,Account39,testaccountscreen,Asset,Credit,N,N,,635
ACT40,Account40,testaccountscreen,Asset,Credit,N,N,,631
ACT41,Account41,testaccountscreen,Asset,Credit,N,N,,627
ACT42,Account42,testaccountscreen,Asset,Credit,N,N,,71140
ACT43,Account43,testaccountscreen,Asset,Credit,N,N,,71120
ACT44,Account44,testaccountscreen,Asset,Credit,N,N,,111
ACT45,Account45,testaccountscreen,Asset,Credit,N,N,,1111
ACT46,Account46,testaccountscreen,Asset,Credit,N,N,,11111
ACT47,Account47,testaccountscreen,Asset,Credit,N,N,,314
ACT48,Account48,testaccountscreen,Asset,Credit,N,N,,343
ACT49,Account49,testaccountscreen,Asset,Credit,N,N,,337
ACT50,Account50,testaccountscreen,Asset,Credit,N,N,,338
ACT51,Account51,testaccountscreen,Asset,Credit,N,N,,33190
